<?xml version="1.0" encoding="UTF-8" standalone="yes"?><appEvents><appservice><evtSequence><actionList xsi:type="eventExpressionAction" xmlns:xsi="http://www.w3.org/2001/XMLSchema-instance"><enabled>true</enabled><name></name><type>5</type><expr></expr><exprMap><entry><key>js</key><value>    var frmObj = ""//frmLogin;
	var deepLinkParams = params;
    //The line below displays how an application is launched: Normal, Push, URL
    kony.print("*************** deepLinkParams is: " + deepLinkParams);
    for (var key in deepLinkParams) 
    {
        kony.print("**********" + deepLinkParams[key]);
        
    }
    kony.print("*************** launch mode is: " + deepLinkParams.launchmode);
    if (deepLinkParams.launchmode == 1) 
    {
      
        frmObj = frmLogin;
        return frmObj;
    } 
    else if (deepLinkParams.launchmode == 3) 
    {
       
        //Displays the launchparams. The Launchparams table is a table with key value pairs specific to the applications needs;
        if(kony.os.deviceInfo().name=="iPhone"||kony.os.deviceInfo().name=="iPhone Simulator")
        	KeychainValue= StoreInKeyChainObject.itemForKey("KonySSOtoken");
        else if(kony.os.deviceInfo().name=="android")
        	{
        		KeychainValue=getToken();
        		kony.print("token received:-"+KeychainValue);
        	}
        Directlogin();
		frmObj = frmProfile;
		return frmObj;
        
     }  else 
        {
            kony.print("*************** launchparams is nil");
            alert("launchmode == nil --&gt; go to fromLogin");
            frmObj = frmLogin;
            return frmObj;
        }
    
   // alert("go to frmLogin");
	frmObj = frmLogin;
    return frmObj; </value></entry></exprMap></actionList><actionList xsi:type="eventFunctionAction" xmlns:xsi="http://www.w3.org/2001/XMLSchema-instance"><enabled>false</enabled><name></name><type>6</type><functionName>None</functionName><functionNameMap><entry><key>js</key><value>appService</value></entry><entry><key>lua</key><value>None</value></entry></functionNameMap><paramDataMap><entry><key>js</key><value/></entry><entry><key>lua</key><value/></entry></paramDataMap></actionList><enabled>true</enabled><seqname></seqname></evtSequence></appservice><deeplink><evtSequence><enabled>true</enabled><seqname></seqname></evtSequence></deeplink><onsearch><evtSequence><enabled>true</enabled><seqname></seqname></evtSequence></onsearch><onviewstatechange><evtSequence><enabled>true</enabled><seqname></seqname></evtSequence></onviewstatechange><postappinit><evtSequence><enabled>true</enabled><seqname></seqname></evtSequence></postappinit><preappinit><evtSequence><enabled>true</enabled><seqname></seqname></evtSequence></preappinit><settingsmenuitems><evtSequence><enabled>true</enabled><seqname></seqname></evtSequence></settingsmenuitems></appEvents>