<?xml version="1.0" encoding="UTF-8" standalone="yes"?>
<application id="SSOApp2" name="SSOApp2">
    <container isflex="false" displayname="Form" id="frmHome" type="form"/>
    <container isflex="false" displayname="Form" id="frmLogin" type="form">
        <component displayname="TextBox2" id="txtBoxLogin" type="textbox2"/>
        <component displayname="TextBox2" id="txtBoxPswd" type="textbox2"/>
    </container>
    <container isflex="false" displayname="Form" id="frmProfile" type="form"/>
    <globalsequences/>
    <skins/>
</application>
