<?xml version="1.0" encoding="UTF-8" standalone="yes"?><application desc="" id="kmsapp" name="" smscode=""><app-config/><services><service serviceGroup="" cachable="false" cacheduration="" groupType="" id="subkms" type="plainxmlserviceConnector" smscode="" smsenabled="false"><service-config><config-param name="endpointUrl" value="https://$kmsurl/subscription"/><config-param name="postprocessorname" value=""/><config-param name="preprocessorname" value=""/><config-param name="urlprovider" value=""/><config-param name="dataprovider" value=""/><config-param name="sockettimeout" value=""/><config-param name="proxyname" value=""/><config-param name="proxyport" value=""/><config-param name="proxyusername" value=""/><config-param name="http.method" value=""/><config-param name="isembedxmlpresent" value="false"/><config-param name="ignorehttpproxy" value="true"/><config-param name="responseEncoding" value="UTF-8"/><config-param name="server.auth.mode" value="basic"/><config-param name="server.auth.host" value=""/><config-param name="server.auth.ntlm.domain" value=""/></service-config><service-input><param datatype="string" value="" encode="true" format="" formatvalue="" name="appId" order="" sms-name="" src="" srcformatvalue="" target="" targetdatatype=""><accessType></accessType></param><param datatype="string" value="" encode="true" format="" formatvalue="" name="deviceId" order="" sms-name="" src="" srcformatvalue="" target="" targetdatatype=""><accessType></accessType></param><param datatype="string" value="" encode="true" format="" formatvalue="" name="ufid" order="" sms-name="" src="" srcformatvalue="" target="" targetdatatype=""><accessType></accessType></param><param datatype="string" value="" encode="true" format="" formatvalue="" name="sid" order="" sms-name="" src="" srcformatvalue="" target="" targetdatatype=""><accessType></accessType></param><param datatype="string" value="" encode="true" format="" formatvalue="" name="osType" order="" sms-name="" src="" srcformatvalue="" target="" targetdatatype=""><accessType></accessType></param><param datatype="string" value="" encode="true" format="" formatvalue="" name="kmsurl" order="" sms-name="" src="" srcformatvalue="" target="" targetdatatype=""><accessType></accessType></param><template-param datatype="" value="&lt;?xml version='1.0' encoding='UTF-8'?&gt;&lt;subscriptionService&gt;&lt;subscribe&gt;&lt;appId&gt;$appId&lt;/appId&gt;&lt;deviceId&gt;$deviceId&lt;/deviceId&gt;&lt;ufid&gt;$ufid&lt;/ufid&gt;&lt;sid&gt;$sid&lt;/sid&gt;&lt;osType&gt;$osType&lt;/osType&gt;&lt;/subscribe&gt;&lt;/subscriptionService&gt;" encode="false" format="" formatvalue="" name="message" order="" sms-name="" src="" srcformatvalue="" target="" targetdatatype=""><accessType></accessType></template-param></service-input><service-output><dataset id="subscriptionResponse" order="" src="//subscriptionResponse"><param datatype="string" value="" encode="false" format="None" formatvalue="" name="statusCode" order="" sms-name="" src="//statusCode" srcformatvalue="" target="response" targetdatatype=""><accessType></accessType></param><param datatype="string" value="" encode="false" format="None" formatvalue="" name="message" order="" sms-name="" src="//message" srcformatvalue="" target="response" targetdatatype=""><accessType></accessType></param><param datatype="string" value="" encode="false" format="None" formatvalue="" name="ksid" order="" sms-name="" src="//ksid" srcformatvalue="" target="response" targetdatatype=""><accessType></accessType></param></dataset><param datatype="number" value="" encode="false" format="None" formatvalue="" name="opstatus" order="" sms-name="" src="" srcformatvalue="" target="" targetdatatype=""><accessType></accessType></param><param datatype="string" value="" encode="false" format="None" formatvalue="" name="errmsg" order="" sms-name="" src="" srcformatvalue="" target="" targetdatatype=""><accessType></accessType></param><param datatype="number" value="" encode="false" format="None" formatvalue="" name="httpStatusCode" order="" sms-name="" src="" srcformatvalue="" target="" targetdatatype=""><accessType></accessType></param></service-output></service><service serviceGroup="" cachable="false" cacheduration="" groupType="" id="unsubkms" type="plainxmlserviceConnector" smscode="" smsenabled="false"><service-config><config-param name="endpointUrl" value="https://$kmsurl/subscription"/><config-param name="postprocessorname" value=""/><config-param name="preprocessorname" value=""/><config-param name="urlprovider" value=""/><config-param name="dataprovider" value=""/><config-param name="sockettimeout" value=""/><config-param name="proxyname" value=""/><config-param name="proxyport" value=""/><config-param name="proxyusername" value=""/><config-param name="http.method" value=""/><config-param name="isembedxmlpresent" value="false"/><config-param name="ignorehttpproxy" value="false"/><config-param name="responseEncoding" value="UTF-8"/><config-param name="server.auth.mode" value="basic"/><config-param name="server.auth.host" value=""/><config-param name="server.auth.ntlm.domain" value=""/></service-config><service-input><param datatype="string" value="" encode="true" format="" formatvalue="" name="ksId" order="" sms-name="" src="request" srcformatvalue="" target="" targetdatatype=""><accessType></accessType></param><param datatype="string" value="" encode="true" format="" formatvalue="" name="appId" order="" sms-name="" src="request" srcformatvalue="" target="" targetdatatype=""><accessType></accessType></param><param datatype="string" value="" encode="true" format="" formatvalue="" name="deviceId" order="" sms-name="" src="request" srcformatvalue="" target="" targetdatatype=""><accessType></accessType></param><param datatype="string" value="" encode="true" format="" formatvalue="" name="kmsurl" order="" sms-name="" src="" srcformatvalue="" target="" targetdatatype=""><accessType></accessType></param><template-param datatype="" value="&lt;subscriptionService&gt;&lt;unsubscribe&gt;&lt;ksid&gt;$ksId&lt;/ksid&gt;&lt;appId&gt;$appId&lt;/appId&gt;&lt;deviceId&gt;$deviceId&lt;/deviceId&gt;&lt;/unsubscribe&gt;&lt;/subscriptionService&gt;" encode="false" format="" formatvalue="" name="message" order="" sms-name="" src="" srcformatvalue="" target="" targetdatatype=""><accessType></accessType></template-param></service-input><service-output><dataset id="subscriptionResponse" order="" src="//subscriptionResponse"><param datatype="string" value="" encode="false" format="None" formatvalue="" name="statusCode" order="" sms-name="" src="//statusCode" srcformatvalue="" target="response" targetdatatype=""><accessType></accessType></param><param datatype="string" value="" encode="false" format="None" formatvalue="" name="message" order="" sms-name="" src="//message" srcformatvalue="" target="response" targetdatatype=""><accessType></accessType></param><param datatype="string" value="" encode="false" format="None" formatvalue="" name="ksid" order="" sms-name="" src="//ksid" srcformatvalue="" target="response" targetdatatype=""><accessType></accessType></param></dataset><param datatype="number" value="" encode="false" format="None" formatvalue="" name="opstatus" order="" sms-name="" src="" srcformatvalue="" target="" targetdatatype=""><accessType></accessType></param><param datatype="string" value="" encode="false" format="None" formatvalue="" name="errmsg" order="" sms-name="" src="" srcformatvalue="" target="" targetdatatype=""><accessType></accessType></param><param datatype="number" value="" encode="false" format="None" formatvalue="" name="httpStatusCode" order="" sms-name="" src="" srcformatvalue="" target="" targetdatatype=""><accessType></accessType></param></service-output></service><service serviceGroup="" cachable="false" cacheduration="" groupType="" id="CreateAudience" type="jsonConnector" smscode="" smsenabled="false"><service-config><config-param name="endpointUrl" value="https://$kmsurl/api/v1/audience"/><config-param name="postprocessorname" value=""/><config-param name="preprocessorname" value=""/><config-param name="urlprovider" value=""/><config-param name="dataprovider" value=""/><config-param name="sockettimeout" value=""/><config-param name="proxyname" value=""/><config-param name="proxyport" value=""/><config-param name="proxyusername" value=""/><config-param name="http.method" value="POST"/><config-param name="isembedxmlpresent" value="true"/><config-param name="ignorehttpproxy" value="true"/><config-param name="responseEncoding" value="UTF-8"/><config-param name="server.auth.mode" value="basic"/><config-param name="server.auth.host" value=""/><config-param name="server.auth.ntlm.domain" value=""/></service-config><service-input><header datatype="" name=""><param datatype="string" value="" encode="false" format="None" formatvalue="" name="Content-Type" order="" sms-name="" src="" srcformatvalue="" target="" targetdatatype=""><accessType></accessType></param><param datatype="string" value="" encode="false" format="None" formatvalue="" name="AccessToken" order="" sms-name="" src="" srcformatvalue="" target="" targetdatatype=""><accessType></accessType></param><param datatype="string" value="" encode="false" format="None" formatvalue="" name="AccessSecret" order="" sms-name="" src="" srcformatvalue="" target="" targetdatatype=""><accessType></accessType></param></header><param datatype="string" value="" encode="true" format="" formatvalue="" name="active" order="" sms-name="" src="" srcformatvalue="" target="" targetdatatype=""><accessType></accessType></param><param datatype="string" value="" encode="true" format="" formatvalue="" name="email" order="" sms-name="" src="" srcformatvalue="" target="" targetdatatype=""><accessType></accessType></param><param datatype="string" value="" encode="true" format="" formatvalue="" name="emailSubscription" order="" sms-name="" src="" srcformatvalue="" target="" targetdatatype=""><accessType></accessType></param><param datatype="string" value="" encode="true" format="" formatvalue="" name="firstName" order="" sms-name="" src="" srcformatvalue="" target="" targetdatatype=""><accessType></accessType></param><param datatype="string" value="" encode="true" format="" formatvalue="" name="lastName" order="" sms-name="" src="" srcformatvalue="" target="" targetdatatype=""><accessType></accessType></param><param datatype="string" value="" encode="true" format="" formatvalue="" name="mobileNumber" order="" sms-name="" src="" srcformatvalue="" target="" targetdatatype=""><accessType></accessType></param><param datatype="string" value="" encode="true" format="" formatvalue="" name="pushSubscription" order="" sms-name="" src="" srcformatvalue="" target="" targetdatatype=""><accessType></accessType></param><param datatype="string" value="" encode="true" format="" formatvalue="" name="smsSubscription" order="" sms-name="" src="" srcformatvalue="" target="" targetdatatype=""><accessType></accessType></param><param datatype="string" value="" encode="true" format="" formatvalue="" name="kmsurl" order="" sms-name="" src="" srcformatvalue="" target="" targetdatatype=""><accessType></accessType></param><template-param datatype="" value="{    &quot;active&quot;:$active ,    &quot;email&quot;:$email ,    &quot;emailSubscription&quot;:$emailSubscription ,    &quot;firstName&quot;: $firstName,    &quot;lastName&quot;:$lastName ,    &quot;mobileNumber&quot;:$mobileNumber ,    &quot;pushSubscription&quot;:$pushSubscription ,    &quot;smsSubscription&quot;: $smsSubscription }" encode="false" format="" formatvalue="" name="message" order="" sms-name="" src="" srcformatvalue="" target="" targetdatatype=""><accessType></accessType></template-param></service-input><service-output><param datatype="string" value="" encode="false" format="None" formatvalue="" name="id" order="" sms-name="" src="/id" srcformatvalue="" target="" targetdatatype=""><accessType></accessType></param><param datatype="string" value="" encode="false" format="None" formatvalue="" name="message" order="" sms-name="" src="/message" srcformatvalue="" target="" targetdatatype=""><accessType></accessType></param><param datatype="number" value="" encode="false" format="None" formatvalue="" name="opstatus" order="" sms-name="" src="" srcformatvalue="" target="" targetdatatype=""><accessType></accessType></param><param datatype="string" value="" encode="false" format="None" formatvalue="" name="errmsg" order="" sms-name="" src="" srcformatvalue="" target="" targetdatatype=""><accessType></accessType></param><param datatype="number" value="" encode="false" format="None" formatvalue="" name="httpStatusCode" order="" sms-name="" src="" srcformatvalue="" target="" targetdatatype=""><accessType></accessType></param></service-output></service><service serviceGroup="" cachable="false" cacheduration="" groupType="" id="EditAudience" type="jsonConnector" smscode="" smsenabled="false"><service-config><config-param name="endpointUrl" value="https://$kmsurl/api/v1/audience/$audienceID/modify"/><config-param name="postprocessorname" value=""/><config-param name="preprocessorname" value=""/><config-param name="urlprovider" value=""/><config-param name="dataprovider" value=""/><config-param name="sockettimeout" value=""/><config-param name="proxyname" value=""/><config-param name="proxyport" value=""/><config-param name="proxyusername" value=""/><config-param name="http.method" value=""/><config-param name="isembedxmlpresent" value="false"/><config-param name="ignorehttpproxy" value="false"/><config-param name="responseEncoding" value="UTF-8"/><config-param name="server.auth.mode" value="basic"/><config-param name="server.auth.host" value=""/><config-param name="server.auth.ntlm.domain" value=""/></service-config><service-input><header datatype="" name=""><param datatype="string" value="application/json" encode="false" format="None" formatvalue="" name="Content-Type" order="" sms-name="" src="" srcformatvalue="" target="" targetdatatype=""><accessType></accessType></param><param datatype="string" value="" encode="false" format="None" formatvalue="" name="AccessSecret" order="" sms-name="" src="" srcformatvalue="" target="" targetdatatype=""><accessType></accessType></param><param datatype="string" value="" encode="false" format="None" formatvalue="" name="AccessToken" order="" sms-name="" src="" srcformatvalue="" target="" targetdatatype=""><accessType></accessType></param></header><param datatype="string" value="" encode="true" format="" formatvalue="" name="active" order="" sms-name="" src="" srcformatvalue="" target="" targetdatatype=""><accessType></accessType></param><param datatype="string" value="" encode="true" format="" formatvalue="" name="email" order="" sms-name="" src="" srcformatvalue="" target="" targetdatatype=""><accessType></accessType></param><param datatype="string" value="" encode="true" format="" formatvalue="" name="emailSubscription" order="" sms-name="" src="" srcformatvalue="" target="" targetdatatype=""><accessType></accessType></param><param datatype="string" value="" encode="true" format="" formatvalue="" name="firstName" order="" sms-name="" src="" srcformatvalue="" target="" targetdatatype=""><accessType></accessType></param><param datatype="string" value="" encode="true" format="" formatvalue="" name="lastName" order="" sms-name="" src="" srcformatvalue="" target="" targetdatatype=""><accessType></accessType></param><param datatype="string" value="" encode="true" format="" formatvalue="" name="mobileNumber" order="" sms-name="" src="" srcformatvalue="" target="" targetdatatype=""><accessType></accessType></param><param datatype="string" value="" encode="true" format="" formatvalue="" name="pushSubscription" order="" sms-name="" src="" srcformatvalue="" target="" targetdatatype=""><accessType></accessType></param><param datatype="string" value="" encode="true" format="" formatvalue="" name="smsSubscription" order="" sms-name="" src="" srcformatvalue="" target="" targetdatatype=""><accessType></accessType></param><param datatype="string" value="" encode="true" format="" formatvalue="" name="audienceID" order="" sms-name="" src="" srcformatvalue="" target="" targetdatatype=""><accessType></accessType></param><param datatype="string" value="" encode="true" format="" formatvalue="" name="kmsurl" order="" sms-name="" src="" srcformatvalue="" target="" targetdatatype=""><accessType></accessType></param><template-param datatype="" value="{    &quot;active&quot;: $active,   &quot;email&quot;:$email,    &quot;emailSubscription&quot;: $emailSubscription,    &quot;firstName&quot;: $firstName,    &quot;lastName&quot;: $lastName,    &quot;mobileNumber&quot;: $mobileNumber,    &quot;pushSubscription&quot;: $pushSubscription,    &quot;smsSubscription&quot;: $smsSubscription }" encode="false" format="" formatvalue="" name="message" order="" sms-name="" src="" srcformatvalue="" target="" targetdatatype=""><accessType></accessType></template-param></service-input><service-output><param datatype="string" value="" encode="false" format="None" formatvalue="" name="id" order="" sms-name="" src="id" srcformatvalue="" target="" targetdatatype=""><accessType></accessType></param><param datatype="string" value="" encode="false" format="None" formatvalue="" name="message" order="" sms-name="" src="message" srcformatvalue="" target="" targetdatatype=""><accessType></accessType></param><param datatype="number" value="" encode="false" format="None" formatvalue="" name="opstatus" order="" sms-name="" src="" srcformatvalue="" target="" targetdatatype=""><accessType></accessType></param><param datatype="string" value="" encode="false" format="None" formatvalue="" name="errmsg" order="" sms-name="" src="" srcformatvalue="" target="" targetdatatype=""><accessType></accessType></param><param datatype="number" value="" encode="false" format="None" formatvalue="" name="httpStatusCode" order="" sms-name="" src="" srcformatvalue="" target="" targetdatatype=""><accessType></accessType></param></service-output></service><service serviceGroup="" cachable="false" cacheduration="" groupType="" id="GetAccessToken" type="jsonConnector" smscode="" smsenabled="false"><service-config><config-param name="endpointUrl" value="https://$kmsurl/service/oauth/accesstoken/"/><config-param name="postprocessorname" value=""/><config-param name="preprocessorname" value=""/><config-param name="urlprovider" value=""/><config-param name="dataprovider" value=""/><config-param name="sockettimeout" value=""/><config-param name="proxyname" value=""/><config-param name="proxyport" value=""/><config-param name="proxyusername" value=""/><config-param name="http.method" value="GET"/><config-param name="isembedxmlpresent" value="false"/><config-param name="ignorehttpproxy" value="false"/><config-param name="responseEncoding" value="UTF-8"/><config-param name="server.auth.mode" value="basic"/><config-param name="server.auth.host" value=""/><config-param name="server.auth.ntlm.domain" value=""/></service-config><service-input><header datatype="" name=""><param datatype="string" value="" encode="false" format="None" formatvalue="" name="Authorization" order="" sms-name="" src="" srcformatvalue="" target="" targetdatatype=""><accessType></accessType></param></header><param datatype="string" value="" encode="true" format="" formatvalue="" name="kmsurl" order="" sms-name="" src="" srcformatvalue="" target="" targetdatatype=""><accessType></accessType></param><template-param datatype="" value="Authorization: Basic ZGhhcm1lbmRyYS5rdW1hckBrb255LmNvbTprb255QDA5ODc=" encode="false" format="" formatvalue="" name="message" order="" sms-name="" src="" srcformatvalue="" target="" targetdatatype=""><accessType></accessType></template-param></service-input><service-output><param datatype="number" value="" encode="false" format="None" formatvalue="" name="opstatus" order="" sms-name="" src="" srcformatvalue="" target="" targetdatatype=""><accessType></accessType></param><param datatype="string" value="" encode="false" format="None" formatvalue="" name="errmsg" order="" sms-name="" src="" srcformatvalue="" target="" targetdatatype=""><accessType></accessType></param><param datatype="number" value="" encode="false" format="None" formatvalue="" name="httpStatusCode" order="" sms-name="" src="" srcformatvalue="" target="" targetdatatype=""><accessType></accessType></param></service-output></service><service serviceGroup="" cachable="false" cacheduration="" groupType="" id="GetAudience" type="jsonConnector" smscode="" smsenabled="false"><service-config><config-param name="endpointUrl" value="https://$kmsurl/api/v1/audience/$audienceID"/><config-param name="postprocessorname" value=""/><config-param name="preprocessorname" value=""/><config-param name="urlprovider" value=""/><config-param name="dataprovider" value=""/><config-param name="sockettimeout" value=""/><config-param name="proxyname" value=""/><config-param name="proxyport" value=""/><config-param name="proxyusername" value=""/><config-param name="http.method" value="GET"/><config-param name="isembedxmlpresent" value="false"/><config-param name="ignorehttpproxy" value="false"/><config-param name="responseEncoding" value="UTF-8"/><config-param name="server.auth.mode" value="basic"/><config-param name="server.auth.host" value=""/><config-param name="server.auth.ntlm.domain" value=""/></service-config><service-input><header datatype="" name=""><param datatype="string" value="" encode="false" format="None" formatvalue="" name="AccessToken" order="" sms-name="" src="" srcformatvalue="" target="" targetdatatype=""><accessType></accessType></param><param datatype="string" value="" encode="false" format="None" formatvalue="" name="AccessSecret" order="" sms-name="" src="" srcformatvalue="" target="" targetdatatype=""><accessType></accessType></param></header><param datatype="string" value="" encode="true" format="" formatvalue="" name="audienceID" order="" sms-name="" src="" srcformatvalue="" target="" targetdatatype=""><accessType></accessType></param><param datatype="string" value="" encode="true" format="" formatvalue="" name="kmsurl" order="" sms-name="" src="" srcformatvalue="" target="" targetdatatype=""><accessType></accessType></param></service-input><service-output><param datatype="number" value="" encode="false" format="None" formatvalue="" name="opstatus" order="" sms-name="" src="" srcformatvalue="" target="" targetdatatype=""><accessType></accessType></param><param datatype="string" value="" encode="false" format="None" formatvalue="" name="errmsg" order="" sms-name="" src="" srcformatvalue="" target="" targetdatatype=""><accessType></accessType></param><param datatype="number" value="" encode="false" format="None" formatvalue="" name="httpStatusCode" order="" sms-name="" src="" srcformatvalue="" target="" targetdatatype=""><accessType></accessType></param></service-output></service></services></application>