<?xml version="1.0" encoding="UTF-8" standalone="yes"?><javaScriptFFIContainer><namespaces name="keychainFFI"><jsClasses><constructors/><jsMethods name="setItem"><mappings platformId="1"><nativeMethod className="keychainFFI" frameworks="" library="" name="setItem:forKey:" packageName="" static="false"><params dataType="NSString"/><params dataType="NSString"/><versionSpecificLibraries><entry><key>5.0</key></entry><entry><key>6.0</key></entry></versionSpecificLibraries></nativeMethod></mappings><params dataType="String" name="item"/><params dataType="String" name="key"/><returnTypes>Boolean</returnTypes></jsMethods><jsMethods name="itemForKey"><mappings platformId="1"><nativeMethod className="keychainFFI" frameworks="" library="" name="itemForKey:" packageName="" static="false"><params dataType="NSString"/><versionSpecificLibraries><entry><key>5.0</key></entry><entry><key>6.0</key></entry></versionSpecificLibraries></nativeMethod></mappings><params dataType="String" name="key"/><returnTypes>String</returnTypes></jsMethods><jsMethods name="deleteItemForKey"><mappings platformId="1"><nativeMethod className="keychainFFI" frameworks="" library="" name="deleteItemForKey:" packageName="" static="false"><params dataType="NSString"/><versionSpecificLibraries><entry><key>5.0</key></entry><entry><key>6.0</key></entry></versionSpecificLibraries></nativeMethod></mappings><params dataType="String" name="key"/><returnTypes>Boolean</returnTypes></jsMethods><mappings platformId="1"><nativeClasses frameworks="" library="keychainFFI.zip" name="keychainFFI" packageName=""><constructors constructor="true" name="init" static="false"/><versionSpecificLibraries><entry><key>5.0</key></entry><entry><key>6.0</key></entry></versionSpecificLibraries></nativeClasses></mappings><name>StoreInKeyChain</name></jsClasses></namespaces><namespaces name="androidFFI"><jsFunctions name="insertToken"><mappings platformId="8"><nativeFunction className="MainClass" frameworks="" library="sso.jar" name="insertData" packageName="com.kony.sso" static="false"><params dataType="java.lang.String"/><versionSpecificLibraries><entry><key>5.0</key></entry><entry><key>6.0</key></entry></versionSpecificLibraries></nativeFunction></mappings><params dataType="String" name="loginToken"/><returnTypes>Boolean</returnTypes></jsFunctions><jsFunctions name="getLoginToken"><mappings platformId="8"><nativeFunction className="PrimaryAppDataContentProvider" frameworks="" library="sso.jar" name="getToken" packageName="com.kony.sso" static="false"><versionSpecificLibraries><entry><key>5.0</key></entry><entry><key>6.0</key></entry></versionSpecificLibraries></nativeFunction></mappings><returnTypes>String</returnTypes></jsFunctions></namespaces></javaScriptFFIContainer>