<application id="sso" name="SSOApp1" ffixmlversion="2.0" language="js"><jsnamespace namespace="androidFFI" iphoneheaders="" ipadheaders=""><jsclasses></jsclasses><jsfunctions><jsfunction name="insertToken" returntype="Boolean"><params><param name="loginToken" type="String"/></params><mappings><mapping platform="android" library="sso.jar" namespace="com.kony.sso" class="MainClass" static="true" method="insertData" returntype="boolean"  frameworks=""><params><param type="java.lang.String"/></params></mapping></mappings></jsfunction><jsfunction name="getLoginToken" returntype="String"><params></params><mappings><mapping platform="android" library="sso.jar" namespace="com.kony.sso" class="PrimaryAppDataContentProvider" static="true" method="getToken" returntype="java.lang.String"  frameworks=""><params></params></mapping></mappings></jsfunction></jsfunctions></jsnamespace></application>