<application id="sso" name="SSOApp1" ffixmlversion="2.0" language="js"><jsnamespace namespace="keychainFFI" iphoneheaders="keychainFFI.zip:keychainFFI.h" ipadheaders=""><jsclasses><jsclass name="StoreInKeyChain"><classmappings><mapping platform="iphone" library="keychainFFI.zip" namespace="" class="keychainFFI" frameworks="" /></classmappings><constructormethod returntype="Object"><params></params><mappings><mapping platform="iphone" method="init" constructor="true" static="false" frameworks="" ><params></params></mapping></mappings></constructormethod><instancemethods><instancemethod name="setItem" returntype="Boolean"><params><param name="item" type="String"/><param name="key" type="String"/></params><mappings><mapping platform="iphone" static="false" method="setItem:forKey:" returntype="BOOL"  ><params><param type="NSString"/><param type="NSString"/></params></mapping></mappings></instancemethod><instancemethod name="itemForKey" returntype="String"><params><param name="key" type="String"/></params><mappings><mapping platform="iphone" static="false" method="itemForKey:" returntype="NSString"  ><params><param type="NSString"/></params></mapping></mappings></instancemethod><instancemethod name="deleteItemForKey" returntype="Boolean"><params><param name="key" type="String"/></params><mappings><mapping platform="iphone" static="false" method="deleteItemForKey:" returntype="BOOL"  ><params><param type="NSString"/></params></mapping></mappings></instancemethod></instancemethods></jsclass></jsclasses><jsfunctions></jsfunctions></jsnamespace></application>