<?xml version="1.0" encoding="UTF-8" standalone="yes"?>
<application id="KMSApp" name="KMSApp">
    <container isflex="false" displayname="Form" id="frmEditProfile" type="form">
        <component displayname="TextBox2" id="txtBoxFirstName" type="textbox2"/>
        <component displayname="TextBox2" id="txtBoxLastName" type="textbox2"/>
        <component displayname="TextBox2" id="txtBoxEmail" type="textbox2"/>
        <component displayname="TextBox2" id="txtBoxMob" type="textbox2"/>
        <component displayname="ListBox" id="listboxActivityStatus" type="listbox"/>
    </container>
    <container isflex="false" displayname="Form" id="frmLogin" type="form">
        <component displayname="TextBox2" id="txtBoxLogin" type="textbox2"/>
        <component displayname="TextBox2" id="txtBoxPswd" type="textbox2"/>
    </container>
    <container isflex="false" displayname="Form" id="frmProfile" type="form"/>
    <container isflex="false" displayname="Form" id="frmRegistration" type="form">
        <component displayname="TextBox2" id="txtBoxFirstName" type="textbox2"/>
        <component displayname="TextBox2" id="txtBoxLastName" type="textbox2"/>
        <component displayname="TextBox2" id="txtBoxEmail" type="textbox2"/>
        <component displayname="TextBox2" id="txtBoxMob" type="textbox2"/>
        <component displayname="ListBox" id="listboxActivityStatus" type="listbox"/>
    </container>
    <globalsequences/>
    <skins/>
</application>
